Название,Цена
The Incredible Machine Mega Pack,892.0
Divinity: Original Sin 2 - Definitive Edition,799.0
LEGO® City Undercover,1779.0
Kingdom Come: Deliverance Royal Edition,3559.0
STAR WARS™: Knights of the Old Republic,892.0
Sam & Max Hit the Road,539.0
The LEGO® Movie - Videogame,1779.0
The Dig®,539.0
Indiana Jones® and the Fate of Atlantis™,539.0
The LEGO Movie 2 Videogame,2669.0
STAR WARS™ Knights of the Old Republic™ II: The Sith Lords™,892.0
The LEGO® NINJAGO® Movie Video Game,1779.0
Zak McKracken and the Alien Mindbenders,539.0
Dino Crisis 2,399.0
Disney's Hercules,539.0
No Man's Sky,1999.0
The Secret of Monkey Island™: Special Edition,892.0
Dino Crisis,399.0
DLC,2669.0
LEGO® Pirates of the Caribbean: The Video Game,1779.0
The Curse of Monkey Island™,629.0
Monkey Island™ 2 Special Edition: LeChuck’s Revenge™,892.0
Indiana Jones® and the Emperor's Tomb™,539.0
Indiana Jones® and the Infernal Machine™,539.0
The Elder Scrolls III: Morrowind GOTY Edition,1339.0
Indiana Jones® and the Last Crusade™,539.0
LEGO® Star Wars™ - The Complete Saga,1779.0
The Elder Scrolls IV: Oblivion - Game of the Year Edition Deluxe,1779.0
Star Wars™: Jedi Knight™ - Jedi Academy™,892.0
LEGO® Indiana Jones™: The Original Adventures,1779.0
TRON 2.0,892.0
EVERSPACE™,699.0
The Saboteur™,1779.0
The Elder Scrolls V: Skyrim Special Edition,3559.0
Deus Ex™ GOTY Edition,629.0
LEGO® Indiana Jones™ 2: The Adventure Continues,1779.0
Escape from Monkey Island™,629.0
The Elder Scrolls V: Skyrim Anniversary Edition,4449.0
"STAR WARS™ Dark Forces (Classic, 1995)",539.0
Hitman: Blood Money,289.0
"STAR WARS™ Battlefront (Classic, 2004)",892.0
Star Wars™: Jedi Knight™ II - Jedi Outcast™,892.0
Hitman 2: Silent Assassin,269.0
LOOM™,539.0
Deus Ex: Human Revolution - Director’s Cut,1779.0
Tomb Raider GOTY,480.0
STAR WARS™ Empire at War: Gold Pack,1779.0
Maniac Mansion,539.0
Deus Ex: Human Revolution - Director’s Cut,19.99
Tomb Raider GOTY,19.99
STAR WARS™ Empire at War: Gold Pack,19.99
Tom Clancy's Splinter Cell®,2.75
Maniac Mansion,5.99
LEGO® Batman™: The Videogame,12.59
Hitman 3: Contracts,6.69
Kingdom Come: Deliverance,22.99
Batman: Arkham Asylum Game of the Year Edition,19.99
Prince of Persia®: The Sands of Time,5.49
Jazz Jackrabbit 2 Collection,3.34
Alan Wake,8.49
Tomb Raider: Anniversary,8.99
"STAR WARS™ Battlefront™ II (Classic, 2005)",9.99
STAR WARS™ Jedi Knight: Dark Forces II,5.99
STAR WARS™ - The Force Unleashed™ Ultimate Sith Edition,19.99
STAR WARS™ Episode I: Racer,9.99
Hacknet Complete Edition,4.01
STAR WARS™ Republic Commando,9.99
I.G.I. 2: Covert Strike,2.22
Batman™: Arkham Knight Premium Edition,34.99
Hitman: Absolution,11.99
STAR WARS™ Galactic Battlegrounds Saga,5.99
Batman: Arkham City - Game of the Year Edition,19.99
Batman™: Arkham Knight,19.99
Resident Evil 3,4.99
Resident Evil 2,4.99
STAR WARS™: Rogue Squadron 3D,9.99
STAR WARS™ Shadows of the Empire™,5.99
Diablo + Hellfire,5.0
Jazz Jackrabbit Collection,3.34
Baldur's Gate 3,29.99
STAR WARS™: The Force Unleashed™ II,19.99
Hitman: Codename 47,6.29
STAR WARS™: X-Wing Alliance™,9.99
Disco Elysium - The Final Cut,18.49
Balrum,5.0
Tomb Raider: Underworld,8.99
Commandos 2+3,1.62
Wizardry 8,2.77
STAR WARS™: X-Wing Special Edition,9.99
Deus Ex: Mankind Divided - Digital Deluxe Edition,21.48
LEGO® Batman™ 3: Beyond Gotham,24.99
LEGO® Batman 2 DC Super Heroes™,12.59
Prince of Persia: The Two Thrones,5.49
Deus Ex 2: Invisible War,4.69
Empire Earth Gold Edition,5.99
Commandos Ammo Pack,1.42
Resident Evil,4.99
STAR WARS™: TIE Fighter Special Edition,9.99
Zombies Ate My Neighbors and Ghoul Patrol,14.99
Alpha Protocol,19.99
Tomb Raider: Legend,6.99
Thief™ Gold,6.99
STAR WARS™: X-Wing vs. TIE Fighter,9.99
Star Wars™: Rebel Assault 1 + 2,9.99
STAR WARS™: Bounty Hunter™,10.49
Songs of Conquest,16.49
Empires: Dawn of the Modern World,2.77
Outlaws + A Handful of Missions,5.99
The Legend of Kyrandia (Book One),2.22
LEGO Harry Potter: Years 1-4,14.99
DLC,4.69
DLC,1.99
LEGO® Star Wars™ III - The Clone Wars™,19.99
Heroes of Might and Magic® 4: Complete,6.71
Thief™ 3: Deadly Shadows,8.99
Sid Meier's Alpha Centauri™ Planetary Pack,2.22
STAR WARS™ Rebellion,5.99
LEGO® DC Super-Villains,39.99
DLC,6.29
Deus Ex: Mankind Divided,13.99
LEGO® Batman™ 3: Beyond Gotham Premium Edition,24.99
DLC,12.59
Overlord + Raising Hell,2.22
Total Annihilation: Commander Pack,2.99
Time Commando,1.62
The Legend of Kyrandia: Hand of Fate (Book Two),2.22
Three Minutes To Eight,8.49
EVERSPACE™ 2,24.99
Ведьмак 3: Дикая Охота - Издание Игра Года,24.99
LEGO Harry Potter: Years 5-7,14.99
STAR WARS™ Starfighter™,5.99
Wizardry 6+7,1.42
DLC,6.29
"Warhammer 40,000: Rogue Trader",22.99
Prey: Digital Deluxe Edition,39.99
Venetica - Gold Edition,6.99
Heroes of Might and Magic® 5: Bundle,11.19
Tzar: The Burden of the Crown,3.29
Blade Runner,6.99
Afterlife,5.99
Crusader: No Remorse™,2.22
The Legend of Kyrandia: Malcolm's Revenge (Book Three),2.22
Star Wars™: Episode I: Jedi Power Battles™,10.49
Dishonored: Complete Collection,79.99
